"Molecule_List_Name","Precursor_Name","Precursor_m_z","Precursor_Charge"
"Lipid","Palmitamide**IS",256.2628,1
"Lipid","cholesterol-loss of OH2",367.3359,1
"Lipid","cholesterol-loss of OH",369.3514,1
"Lipid","Cer(22:0)",372.3473,1
"Lipid","LysoPC-P(10:0)",396.2515,1
"Lipid","LysoPC-O(10:0)",398.2672,1
"Lipid","Cer(24:0)",400.3786,1
"Lipid","Cer(26:0) - H2O**IS",408.3838,1
"Lipid","DG-H20(22:0)",411.3474,1
"Lipid","LysoPC(10:0)",412.2465,1
"Lipid","Cer(25:0)",414.3942,1
"Lipid","LysoPC-P(12:0)",424.2828,1
"Lipid","LysoPC-O(12:0)",426.2985,1
"Lipid","Cer(26:0)**IS",426.394,1
"Lipid","Cer(26:1)",428.4099,1
"Lipid","DG-H20(24:0)",439.3787,1
"Lipid","LysoPC(12:0)",440.2778,1
"Lipid","Cer(27:1)",440.4096,1
"Lipid","Cer(27:0)",442.4255,1
"Lipid","DG(22:0)",446.3845,1
"Lipid","Cer(28:3)",450.3942,1
"Lipid","LysoPC-P(14:0)",452.3141,1
"Lipid","Cer(28:2)",452.4099,1
"Lipid","DG-H20(25:0)",453.3943,1
"Lipid","LysoPC-O(14:0)",454.3298,1
"Lipid","Cer(28:1)",454.4255,1
"Lipid","Cer(28:0)",456.4412,1
"Lipid","DG-H20(26:1)",465.3941,1
"Lipid","LysoPC-P(15:0)",466.3297,1
"Lipid","DG-H20(26:0)",467.41,1
"Lipid","LysoPC(14:0)",468.3091,1
"Lipid","LysoPC-O(15:0)",468.3454,1
"Lipid","Cer(29:1)",468.4409,1
"Lipid","Cer(29:0)",470.4568,1
"Lipid","Cer(30:5)",474.3942,1
"Lipid","DG(24:0)",474.4158,1
"Lipid","Cer(30:4)",476.4099,1
"Lipid","LysoPC-P(16:1)",478.3295,1
"Lipid","Cer(30:3)",478.4255,1
"Lipid","DG-H20(27:1)",479.4097,1
"Lipid","LysoPC-O(16:1)",480.3452,1
"Lipid","Cer(30:2)",480.4412,1
"Lipid","DG-H20(27:0)",481.4256,1
"Lipid","LysoPC(15:0)",482.3247,1
"Lipid","LysoPC-O(16:0)",482.3611,1
"Lipid","Cer(30:1)",482.4568,1
"Lipid","Cer(30:0)",484.4725,1
"Lipid","DG(25:0)",488.4314,1
"Lipid","DG-H20(28:3)",489.3943,1
"Lipid","DG-H20(28:2)",491.41,1
"Lipid","LysoPC-P(17:1)",492.3451,1
"Lipid","DG-H20(28:1)",493.4256,1
"Lipid","LysoPC(16:1)",494.3245,1
"Lipid","LysoPC-O(17:1)",494.3608,1
"Lipid","DG-H20(28:0)",495.4413,1
"Lipid","LysoPC(16:0)",496.3404,1
"Lipid","LysoPC-O(17:0)",496.3767,1
"Lipid","Cer(31:1)",496.4722,1
"Lipid","Cer(31:0)",498.4881,1
"Lipid","Cer(32:6)",500.4093,1
"Lipid","DG(26:1)",500.4312,1
"Lipid","LysoPC-P(18:3)",502.3297,1
"Lipid","Cer(32:5)",502.425,1
"Lipid","DG(26:0)",502.4471,1
"Lipid","LysoPC-O(18:3) or LysoPC-P(18:2)",504.3454,1
"Lipid","Cer(32:4)",504.4412,1
"Lipid","LysoPC-P(18:1)",506.361,1
"Lipid","Cer(32:3)",506.4568,1
"Lipid","DG-H20(29:1)",507.441,1
"Lipid","LysoPC(17:1)",508.3401,1
"Lipid","LysoPC-O(18:1) or LysoPC-P(18:0)",508.3767,1
"Lipid","Cer(32:2)",508.4725,1
"Lipid","PA(22:0)",509.3243,1
"Lipid","DG-H20(29:0)",509.4569,1
"Lipid","LysoPC(17:0)",510.356,1
"Lipid","LysoPC-O(18:0)",510.3924,1
"Lipid","Cer(32:1)",510.4879,1
"Lipid","Cer(32:0)",512.5037,1
"Lipid","DG-H20(30:5)",513.3943,1
"Lipid","DG(27:1)",514.4468,1
"Lipid","DG-H20(30:4)",515.41,1
"Lipid","DG(27:0)",516.4627,1
"Lipid","DG-H20(30:3)",517.4256,1
"Lipid","LysoPC(18:3)",518.3247,1
"Lipid","DG-H20(30:2)",519.4413,1
"Lipid","LysoPC(18:2)",520.3404,1
"Lipid","Cer(33:3)",520.4724,1
"Lipid","DG-H20(30:1)",521.4569,1
"Lipid","LysoPC(18:1)",522.356,1
"Lipid","Cer(33:2)",522.4881,1
"Lipid","DG-H20(30:0)",523.4726,1
"Lipid","LysoPC(18:0)",524.3717,1
"Lipid","DG(28:3)",524.4314,1
"Lipid","Cer(33:1)",524.5035,1
"Lipid","LysoPC-P(20:5)",526.3297,1
"Lipid","DG(28:2)",526.4471,1
"Lipid","Cer(33:0)",526.5194,1
"Lipid","LysoPC-O(20:5) or LysoPC-P(20:4)",528.3454,1
"Lipid","Cer(34:6)",528.4406,1
"Lipid","DG(28:1)",528.4627,1
"Lipid","LysoPC-P(20:3)",530.361,1
"Lipid","Cer(34:5)",530.4563,1
"Lipid","DG(28:0)",530.4784,1
"Lipid","LysoPC-O(20:3)",532.3767,1
"Lipid","Cer(34:4)",532.4725,1
"Lipid","Cer(34:3)",534.4879,1
"Lipid","DG-H20(31:1)",535.4723,1
"Lipid","Cer(34:2)",536.5038,1
"Lipid","PA(24:0)",537.3556,1
"Lipid","SM(22:0)",537.4028,1
"Lipid","DG-H20(31:0)",537.4882,1
"Lipid","Cer(34:1)",538.5192,1
"Lipid","DG-H20(32:6)",539.4094,1
"Lipid","Cer(34:0)",540.5351,1
"Lipid","DG-H20(32:5)",541.4251,1
"Lipid","LysoPC(20:5)",542.3247,1
"Lipid","DG(29:1)",542.4781,1
"Lipid","DG-H20(32:4)",543.4413,1
"Lipid","LysoPC(20:4)",544.3404,1
"Lipid","Cer(35:5)",544.4724,1
"Lipid","DG(29:0)",544.494,1
"Lipid","DG-H20(32:3)",545.4569,1
"Lipid","LysoPC(20:3)",546.356,1
"Lipid","Cer(35:4)",546.4881,1
"Lipid","DG-H20(32:2)",547.4726,1
"Lipid","DG(30:5)",548.4314,1
"Lipid","Cer(35:3)",548.5035,1
"Lipid","DG-H20(32:1)",549.488,1
"Lipid","LysoPC-P(21:0)",550.4236,1
"Lipid","DG(30:4)",550.4471,1
"Lipid","Cer(35:2)",550.5194,1
"Lipid","PA(25:0)",551.3712,1
"Lipid","DG-H20(32:0)",551.5038,1
"Lipid","LysoPC-P(22:6)",552.3448,1
"Lipid","PE(22:0)",552.3665,1
"Lipid","LysoPC-O(21:0)",552.4393,1
"Lipid","DG(30:3)",552.4627,1
"Lipid","Cer(35:1)",552.535,1
"Lipid","LysoPC-O(22:6) or LysoPC-P(22:5)",554.3605,1
"Lipid","DG(30:2)",554.4784,1
"Lipid","Cer(35:0)",554.5507,1
"Lipid","LysoPC-O(22:5)",556.3762,1
"Lipid","Cer(36:6)",556.4719,1
"Lipid","DG(30:1)",556.494,1
"Lipid","Cer(36:5)",558.4876,1
"Lipid","DG(30:0)",558.5097,1
"Lipid","CE(10:0)",558.5244,1
"Lipid","DG-H20(33:3)",559.4725,1
"Lipid","Cer(36:4)",560.5037,1
"Lipid","DG-H20(33:2)",561.4882,1
"Lipid","Cer(36:3)",562.5194,1
"Lipid","PA(26:1)",563.371,1
"Lipid","DG-H20(33:1)",563.5036,1
"Lipid","LysoPC-P(22:0)",564.4393,1
"Lipid","Cer(36:2)",564.5351,1
"Lipid","PA(26:0)",565.3869,1
"Lipid","SM(24:0)",565.4341,1
"Lipid","DG-H20(33:0)",565.5195,1
"Lipid","LysoPC(21:0)",566.4186,1
"Lipid","LysoPC-O(22:0)",566.455,1
"Lipid","Cer(36:1)",566.5507,1
"Lipid","DG-H20(34:6)",567.4407,1
"Lipid","LysoPC(22:6)",568.3398,1
"Lipid","Cer(36:0)",568.5664,1
"Lipid","DG-H20(34:5)",569.4564,1
"Lipid","LysoPC(22:5)",570.3555,1
"Lipid","Cer(37:6)",570.4875,1
"Lipid","DG(31:1)",570.5094,1
"Lipid","DG-H20(34:4)",571.4726,1
"Lipid","Cer(37:5)",572.5032,1
"Lipid","DG(31:0)",572.5253,1
"Lipid","DG-H20(34:3)",573.488,1
"Lipid","DG(32:6)",574.4465,1
"Lipid","Cer(37:4)",574.5194,1
"Lipid","DG-H20(34:2)",575.5039,1
"Lipid","DG(32:5)",576.4622,1
"Lipid","Cer(37:3)",576.535,1
"Lipid","PA(27:1)",577.3866,1
"Lipid","DG-H20(34:1)",577.5193,1
"Lipid","PC-P(22:0)",578.4185,1
"Lipid","DG(32:4)",578.4784,1
"Lipid","PA(27:0)",579.4025,1
"Lipid","SM(25:0)",579.4497,1
"Lipid","DG-H20(34:0)",579.5352,1
"Lipid","PE(24:0)",580.3978,1
"Lipid","PC-O(22:0)",580.4342,1
"Lipid","Cer(38:8)",580.4724,1
"Lipid","DG(32:3)",580.494,1
"Lipid","Cer(37:1)",580.5661,1
"Lipid","Cer(38:7)",582.4873,1
"Lipid","Cer(38:7)",582.4881,1
"Lipid","DG(32:2)",582.5097,1
"Lipid","Cer(37:0)",582.582,1
"Lipid","DG-H20(35:5)",583.4725,1
"Lipid","Cer(38:6)",584.5032,1
"Lipid","DG(32:1)",584.5251,1
"Lipid","DG-H20(35:4)",585.4882,1
"Lipid","Cer(38:5)",586.5189,1
"Lipid","DG(32:0)",586.5409,1
"Lipid","CE(12:0)",586.5557,1
"Lipid","PA(28:3)",587.3712,1
"Lipid","DG-H20(35:3)",587.5036,1
"Lipid","Cer(38:4)",588.5351,1
"Lipid","PA(28:2)",589.3869,1
"Lipid","DG-H20(35:2)",589.5195,1
"Lipid","LysoPC-P(24:1)",590.4549,1
"Lipid","Cer(38:3)",590.5507,1
"Lipid","PA(28:1)",591.4025,1
"Lipid","SM(26:1)",591.4495,1
"Lipid","DG-H20(35:1)",591.5351,1
"Lipid","LysoPC-O(24:1)",592.4706,1
"Lipid","PA(28:0)",593.4182,1
"Lipid","SM(26:0)",593.4654,1
"Lipid","DG-H20(35:0)",593.5508,1
"Lipid","PE(25:0)",594.4134,1
"Lipid","DG(33:3)",594.5096,1
"Lipid","Cer(38:1)",594.5817,1
"Lipid","DG-H20(36:6)",595.472,1
"Lipid","Cer(39:7)",596.5029,1
"Lipid","DG(33:2)",596.5253,1
"Lipid","Cer(38:0)",596.5977,1
"Lipid","DG-H20(36:5)",597.4877,1
"Lipid","Cer(39:6)",598.5188,1
"Lipid","DG(33:1)",598.5407,1
"Lipid","DG-H20(36:4)",599.5038,1
"Lipid","Cer(39:5)",600.5345,1
"Lipid","DG(33:0)",600.5566,1
"Lipid","DG-H20(36:3)",601.5195,1
"Lipid","DG(34:6)",602.4778,1
"Lipid","DG-H20(36:2)",603.5352,1
"Lipid","DG(34:5)",604.4935,1
"Lipid","Cer(39:3)",604.5663,1
"Lipid","PA(29:1)",605.4179,1
"Lipid","SM(27:1)",605.4651,1
"Lipid","DG-H20(36:1)",605.5508,1
"Lipid","PE(26:1)",606.4132,1
"Lipid","PC-P(24:0)",606.4498,1
"Lipid","Cer(40:9)",606.4875,1
"Lipid","DG(34:4)",606.5097,1
"Lipid","Cer(39:2)",606.582,1
"Lipid","PA(29:0)",607.4338,1
"Lipid","SM(27:0)",607.481,1
"Lipid","DG-H20(36:0)",607.5665,1
"Lipid","PE(26:0)",608.4291,1
"Lipid","PC-O(24:0)",608.4655,1
"Lipid","Cer(40:8)",608.5032,1
"Lipid","DG(34:3)",608.5251,1
"Lipid","Cer(39:1)",608.5976,1
"Lipid","DG-H20(37:6)",609.4876,1
"Lipid","Cer(40:7)",610.5188,1
"Lipid","DG(34:2)",610.541,1
"Lipid","Cer(39:0)",610.6133,1
"Lipid","PA(30:5)",611.3712,1
"Lipid","DG-H20(37:5)",611.5033,1
"Lipid","Cer(40:6)",612.5345,1
"Lipid","DG(34:1)",612.5564,1
"Lipid","PA(30:4)",613.3869,1
"Lipid","DG-H20(37:4)",613.5195,1
"Lipid","Cer(40:5)",614.5502,1
"Lipid","DG(34:0)",614.5723,1
"Lipid","CE(14:0)",614.587,1
"Lipid","PA(30:3)",615.4025,1
"Lipid","SM(28:3)",615.4497,1
"Lipid","DG-H20(37:3)",615.5351,1
"Lipid","PA(30:2)",617.4182,1
"Lipid","SM(28:2)",617.4654,1
"Lipid","DG(35:5)",618.5096,1
"Lipid","Cer(40:3)",618.582,1
"Lipid","PA(30:1)",619.4338,1
"Lipid","DG-H20(38:8)",619.4725,1
"Lipid","SM(28:1)",619.481,1
"Lipid","DG-H20(37:1)",619.5662,1
"Lipid","PE(27:1)",620.4288,1
"Lipid","PC-P(25:0)",620.4654,1
"Lipid","DG(35:4)",620.5253,1
"Lipid","Cer(40:2)",620.5974,1
"Lipid","PA(30:0)",621.4495,1
"Lipid","DG-H20(38:7)",621.4874,1
"Lipid","DG-H20(38:7)",621.4882,1
"Lipid","SM(28:0)",621.4967,1
"Lipid","DG-H20(37:0)",621.5821,1
"Lipid","PE(27:0)",622.4447,1
"Lipid","PC-O(25:0)",622.4811,1
"Lipid","DG(35:3)",622.5407,1
"Lipid","Cer(40:1)",622.6133,1
"Lipid","DG-H20(38:6)",623.5033,1
"Lipid","DG(35:2)",624.5566,1
"Lipid","Cer(40:0)",624.629,1
"Lipid","DG-H20(38:5)",625.519,1
"Lipid","DG(35:1)",626.5722,1
"Lipid","DG-H20(38:4)",627.5352,1
"Lipid","Cer(41:5)",628.5663,1
"Lipid","DG(35:0)",628.5879,1
"Lipid","CE(15:0)",628.6026,1
"Lipid","DG-H20(38:3)",629.5508,1
"Lipid","PE(28:3)",630.4134,1
"Lipid","Cer(42:11)",630.4875,1
"Lipid","DG(36:6)",630.5091,1
"Lipid","Cer(41:4)",630.582,1
"Lipid","PE(28:2)",632.4291,1
"Lipid","PC-P(26:1)",632.4652,1
"Lipid","Cer(42:10)",632.5032,1
"Lipid","DG(36:5)",632.5248,1
"Lipid","Cer(41:3)",632.5976,1
"Lipid","PA(31:1)",633.4492,1
"Lipid","SM(29:1)",633.4964,1
"Lipid","DG-H20(38:1)",633.5818,1
"Lipid","PE(28:1)",634.4447,1
"Lipid","PC-O(26:1)",634.4809,1
"Lipid","Cer(42:9)",634.5188,1
"Lipid","DG(36:4)",634.5409,1
"Lipid","Cer(41:2)",634.613,1
"Lipid","PA(31:0)",635.4651,1
"Lipid","DG-H20(39:7)",635.503,1
"Lipid","SM(29:0)",635.5123,1
"Lipid","DG-H20(38:0)",635.5978,1
"Lipid","PC(25:0) or PE(28:0)",636.4604,1
"Lipid","PC-O(26:0)",636.4968,1
"Lipid","Cer(42:8)",636.5345,1
"Lipid","DG(36:3)",636.5566,1
"Lipid","Cer(41:1)",636.6289,1
"Lipid","PA(32:6)",637.3863,1
"Lipid","DG-H20(39:6)",637.5189,1
"Lipid","DG(36:2)",638.5723,1
"Lipid","PA(32:5)",639.402,1
"Lipid","SM(30:5)",639.4497,1
"Lipid","DG-H20(39:5)",639.5346,1
"Lipid","DG(36:1)",640.5879,1
"Lipid","CE(16:1)",640.6024,1
"Lipid","PA(32:4)",641.4182,1
"Lipid","SM(30:4)",641.4654,1
"Lipid","Cer(42:5)",642.582,1
"Lipid","DG(36:0)",642.6036,1
"Lipid","CE(16:0)",642.6183,1
"Lipid","PA(32:3)",643.4338,1
"Lipid","SM(30:3)",643.481,1
"Lipid","DG-H20(39:3)",643.5664,1
"Lipid","DG(37:6)",644.5247,1
"Lipid","Cer(42:4)",644.5976,1
"Lipid","PA(32:2)",645.4495,1
"Lipid","DG-H20(40:9)",645.4876,1
"Lipid","SM(30:2)",645.4967,1
"Lipid","DG-H20(39:2)",645.5821,1
"Lipid","PC-P(27:1)",646.4808,1
"Lipid","DG(37:5)",646.5404,1
"Lipid","Cer(42:3)",646.6133,1
"Lipid","PA(32:1)",647.4649,1
"Lipid","DG-H20(40:8)",647.5033,1
"Lipid","SM(30:1)",647.5123,1
"Lipid","DG-H20(39:1)",647.5977,1
"Lipid","PE(29:1)",648.4601,1
"Lipid","PC-O(27:1)",648.4965,1
"Lipid","DG(37:4)",648.5566,1
"Lipid","Cer(42:2)",648.6289,1
"Lipid","PA(32:0)",649.4807,1
"Lipid","DG-H20(40:7)",649.5189,1
"Lipid","SM(30:0)",649.528,1
"Lipid","DG-H20(39:0)",649.6134,1
"Lipid","PE(29:0)",650.476,1
"Lipid","PC-O(27:0)",650.5124,1
"Lipid","DG(37:3)",650.5722,1
"Lipid","Cer(42:1)",650.6446,1
"Lipid","DG-H20(40:6)",651.5346,1
"Lipid","DG-H20(40:5)",653.5503,1
"Lipid","PE(30:5)",654.4134,1
"Lipid","DG(38:8)",654.5096,1
"Lipid","Cer(43:6)",654.5814,1
"Lipid","DG(37:1)",654.6033,1
"Lipid","CE(17:1)",654.618,1
"Lipid","PE(30:4)",656.4291,1
"Lipid","PC-P(28:3)",656.4654,1
"Lipid","DG(38:7)",656.5245,1
"Lipid","DG(38:7)",656.5253,1
"Lipid","TG(36:0)**IS",656.5828,1
"Lipid","Cer(43:5)",656.5971,1
"Lipid","DG(37:0)",656.6192,1
"Lipid","CE(17:0)",656.6339,1
"Lipid","PA(33:3)",657.4494,1
"Lipid","DG-H20(40:3)",657.5821,1
"Lipid","PE(30:3)",658.4447,1
"Lipid","PC-O(28:3) or PC-P(28:2)",658.4811,1
"Lipid","Cer(44:11)",658.5183,1
"Lipid","DG(38:6)",658.5404,1
"Lipid","PA(33:2)",659.4651,1
"Lipid","DG-H20(40:2)",659.5975,1
"Lipid","PE(30:2)",660.4604,1
"Lipid","PC-P(28:1)",660.4967,1
"Lipid","DG(38:5)",660.5561,1
"Lipid","PA(33:1)",661.4805,1
"Lipid","SM(31:1)",661.5277,1
"Lipid","DG-H20(40:1)",661.6134,1
"Lipid","PC(27:1)",662.4758,1
"Lipid","PC-O(28:1) or PC-P(28:0)",662.5124,1
"Lipid","DG(38:4)",662.5723,1
"Lipid","PA(33:0)",663.4964,1
"Lipid","SM(31:0)",663.5436,1
"Lipid","DG-H20(40:0)",663.6291,1
"Lipid","PC(27:0) or PE(30:0)",664.4917,1
"Lipid","PC-O(28:0)",664.5281,1
"Lipid","DG(38:3)",664.5879,1
"Lipid","CE(18:3)",664.6026,1
"Lipid","PA(34:6)",665.4176,1
"Lipid","SM(32:6)",665.4648,1
"Lipid","CE(18:2)",666.6183,1
"Lipid","Cer(43:0)",666.6759,1
"Lipid","PA(34:5)",667.4333,1
"Lipid","SM(32:5)",667.4805,1
"Lipid","DG-H20(41:5)",667.5664,1
"Lipid","Cer(44:6)",668.5976,1
"Lipid","DG(38:1)",668.6189,1
"Lipid","CE(18:1)",668.6339,1
"Lipid","PA(34:4)",669.4495,1
"Lipid","DG-H20(42:11)",669.4876,1
"Lipid","SM(32:4)",669.4967,1
"Lipid","DG-H20(41:4)",669.5821,1
"Lipid","DG(39:7)",670.5401,1
"Lipid","TG(37:0)",670.5984,1
"Lipid","Cer(44:5)",670.6133,1
"Lipid","DG(38:0)",670.6349,1
"Lipid","CE(18:0)",670.6496,1
"Lipid","PA(34:3)",671.4649,1
"Lipid","DG-H20(42:10)",671.5033,1
"Lipid","SM(32:3)",671.5123,1
"Lipid","DG-H20(41:3)",671.5977,1
"Lipid","PC(28:3)",672.4604,1
"Lipid","DG(39:6)",672.556,1
"Lipid","Cer(44:4)",672.6289,1
"Lipid","PA(34:2)",673.4808,1
"Lipid","DG-H20(42:9)",673.5189,1
"Lipid","SM(32:2)",673.528,1
"Lipid","DG-H20(41:2)",673.6131,1
"Lipid","PC(28:2)",674.4761,1
"Lipid","PC-P(29:1)",674.5121,1
"Lipid","DG(39:5)",674.5717,1
"Lipid","PA(34:1)",675.4962,1
"Lipid","DG-H20(42:8)",675.5346,1
"Lipid","SM(32:1)",675.5434,1
"Lipid","DG-H20(41:1)",675.629,1
"Lipid","PE(31:1)",676.4914,1
"Lipid","PC-O(29:1)",676.5278,1
"Lipid","PA(34:0)",677.5121,1
"Lipid","SM(32:0)",677.5592,1
"Lipid","PE(31:0)",678.5073,1
"Lipid","PC-O(29:0)",678.5437,1
"Lipid","DG(39:3)",678.6035,1
"Lipid","PE(32:6)",680.4285,1
"Lipid","PC-P(30:5)",680.4654,1
"Lipid","DG(40:9)",680.5247,1
"Lipid","CE_oxid(18:3)",680.5975,1
"Lipid","DG(39:2)",680.6192,1
"Lipid","PA(35:5)",681.4494,1
"Lipid","DG-H20(42:5)",681.5821,1
"Lipid","PE(32:5)",682.4442,1
"Lipid","PC-O(30:5) or PC-P(30:4)",682.4811,1
"Lipid","DG(40:8)",682.5404,1
"Lipid","TG(38:1)",682.5982,1
"Lipid","CE_oxid(18:2)",682.6132,1
"Lipid","DG(39:1)",682.6348,1
"Lipid","PA(35:4)",683.4651,1
"Lipid","DG-H20(42:4)",683.5977,1
"Lipid","PE(32:4)",684.4604,1
"Lipid","PC-P(30:3)",684.4967,1
"Lipid","DG(40:7)",684.556,1
"Lipid","TG(38:0)",684.6141,1
"Lipid","DG(39:0)",684.6505,1
"Lipid","PA(35:3)",685.4805,1
"Lipid","SM(33:3)",685.5279,1
"Lipid","DG-H20(42:3)",685.6134,1
"Lipid","PE(32:3)",686.476,1
"Lipid","PC-O(30:3) or PC-P(30:2)",686.5124,1
"Lipid","DG(40:6)",686.5717,1
"Lipid","PA(35:2)",687.4964,1
"Lipid","SM(33:2)",687.5436,1
"Lipid","DG-H20(42:2)",687.629,1
"Lipid","PE(32:2)",688.4917,1
"Lipid","PC-P(30:1)",688.528,1
"Lipid","DG(40:5)",688.5874,1
"Lipid","CE(20:5)",688.6026,1
"Lipid","PA(35:1)",689.512,1
"Lipid","SM(33:1)",689.559,1
"Lipid","DG-H20(42:1)",689.6447,1
"Lipid","PC(29:1) or PE(32:1)",690.5071,1
"Lipid","PC-O(30:1) or PC-P(30:0)",690.5437,1
"Lipid","CE(20:4)",690.6183,1
"Lipid","PA(35:0)",691.5277,1
"Lipid","SM(33:0)",691.5749,1
"Lipid","PE(32:0)",692.5229,1
"Lipid","PC-O(30:0)",692.5594,1
"Lipid","DG(40:3)",692.6192,1
"Lipid","CE(20:3)",692.6339,1
"Lipid","Cer(45:1)",692.6915,1
"Lipid","PA(36:6)",693.4489,1
"Lipid","SM(34:6)",693.4961,1
"Lipid","DG-H20(43:6)",693.5815,1
"Lipid","Cer(46:7)",694.6127,1
"Lipid","DG(40:2)",694.6346,1
"Lipid","PA(36:5)",695.4646,1
"Lipid","SM(34:5)",695.5118,1
"Lipid","DG-H20(43:5)",695.5972,1
"Lipid","PC(30:5)",696.4604,1
"Lipid","TG(39:1)",696.6138,1
"Lipid","Cer(46:6)",696.6284,1
"Lipid","DG(40:1)",696.6505,1
"Lipid","PA(36:4)",697.4807,1
"Lipid","DG-H20(44:11)",697.5184,1
"Lipid","SM(34:4)",697.528,1
"Lipid","PC(30:4)",698.4761,1
"Lipid","TG(39:0)",698.6297,1
"Lipid","DG(40:0)",698.6662,1
"Lipid","PA(36:3)",699.4964,1
"Lipid","SM(34:3)",699.5434,1
"Lipid","PE(33:3)",700.4916,1
"Lipid","PA(36:2)",701.5121,1
"Lipid","SM(34:2)",701.5593,1
"Lipid","PE(33:2)",702.5073,1
"Lipid","PC-P(31:1)",702.5434,1
"Lipid","DG(41:5)",702.6035,1
"Lipid","PA(36:1)",703.5277,1
"Lipid","SM(34:1)",703.5747,1
"Lipid","PE(33:1)",704.5227,1
"Lipid","DG(42:11)",704.5247,1
"Lipid","PC-O(31:1)",704.5591,1
"Lipid","CE_oxid(20:5)",704.5975,1
"Lipid","DG(41:4)",704.6192,1
"Lipid","PA(36:0)",705.5434,1
"Lipid","SM(34:0)",705.5906,1
"Lipid","DG-H20(43:0)",705.676,1
"Lipid","PC-P(32:6)",706.4805,1
"Lipid","PE(33:0)",706.5386,1
"Lipid","DG(42:10)",706.5404,1
"Lipid","PC-O(31:0)",706.575,1
"Lipid","TG(40:3)",706.5984,1
"Lipid","CE_oxid(20:4)",706.6132,1
"Lipid","DG(41:3)",706.6348,1
"Lipid","Cer(46:1)",706.7072,1
"Lipid","PA(37:6)",707.4645,1
"Lipid","DG-H20(44:6)",707.5977,1
"Lipid","PE(34:6)",708.4598,1
"Lipid","PC-O(32:6) or PC-P(32:5)",708.4962,1
"Lipid","DG(42:9)",708.556,1
"Lipid","TG(40:2)",708.6141,1
"Lipid","DG(41:2)",708.6502,1
"Lipid","PA(37:5)",709.4802,1
"Lipid","SM(35:5)",709.5279,1
"Lipid","DG-H20(44:5)",709.6134,1
"Lipid","PE(34:5)",710.4755,1
"Lipid","PC-O(32:5)",710.5119,1
"Lipid","DG(42:8)",710.5717,1
"Lipid","TG(40:1)",710.6297,1
"Lipid","DG(41:1)",710.6661,1
"Lipid","PA(37:4)",711.4964,1
"Lipid","SM(35:4)",711.5436,1
"Lipid","DG-H20(44:4)",711.629,1
"Lipid","PE(34:4)",712.4917,1
"Lipid","PC-P(32:3)",712.528,1
"Lipid","TG(40:0)",712.6454,1
"Lipid","CE(21:0)",712.6965,1
"Lipid","PA(37:3)",713.512,1
"Lipid","SM(35:3)",713.559,1
"Lipid","PE(34:3)",714.5071,1
"Lipid","PC-O(32:3) or PC-P(32:2)",714.5437,1
"Lipid","CE(22:6)",714.6177,1
"Lipid","SM(35:2)",715.5749,1
"Lipid","PE(34:2)",716.523,1
"Lipid","PC-P(32:1)",716.5591,1
"Lipid","DG(42:5)",716.6192,1
"Lipid","CE(22:5)",716.6334,1
"Lipid","PA(38:8)",717.4494,1
"Lipid","PA(37:1)",717.5431,1
"Lipid","SM(35:1)**IS",717.5905,1
"Lipid","PC(31:1) or PE(34:1)",718.5384,1
"Lipid","PC-O(32:1)",718.5748,1
"Lipid","DG(42:4)",718.6348,1
"Lipid","PA(38:7)",719.4643,1
"Lipid","PA(38:7)",719.4651,1
"Lipid","PA(37:0)",719.559,1
"Lipid","SM(35:0)",719.6062,1
"Lipid","PC(31:0) or PE(34:0)",720.5543,1
"Lipid","PC-O(32:0)",720.5906,1
"Lipid","DG(42:3)",720.6505,1
"Lipid","PA(38:6)",721.4802,1
"Lipid","SM(36:6)",721.5274,1
"Lipid","PC(32:6)",722.4755,1
"Lipid","DG(42:2)",722.6661,1
"Lipid","PA(38:5)",723.4959,1
"Lipid","SM(36:5)",723.5431,1
"Lipid","PC(32:5)",724.4912,1
"Lipid","TG(41:1)",724.6451,1
"Lipid","DG(42:1)",724.6818,1
"Lipid","PA(38:4)",725.5121,1
"Lipid","SM(36:4)",725.5592,1
"Lipid","PE(35:4)",726.5073,1
"Lipid","PC-P(33:3)",726.5436,1
"Lipid","TG(41:0)",726.661,1
"Lipid","CE(22:0)",726.7122,1
"Lipid","PA(38:3)",727.5277,1
"Lipid","SM(36:3)",727.5749,1
"Lipid","PE(35:3)",728.5227,1
"Lipid","PC-O(33:3) or PC-P(33:2)",728.5593,1
"Lipid","DG(43:6)",728.6186,1
"Lipid","SM(36:2)",729.5906,1
"Lipid","PE(35:2)",730.5386,1
"Lipid","PC-P(33:1)",730.5747,1
"Lipid","TG(42:5)",730.5984,1
"Lipid","CE_oxid(22:6)",730.6126,1
"Lipid","DG(43:5)",730.6343,1
"Lipid","PA(38:1)",731.5587,1
"Lipid","SM(36:1)",731.6062,1
"Lipid","DG-H20(45:1)",731.6916,1
"Lipid","PC(32:1)",732.5541,1
"Lipid","DG(44:11)",732.5555,1
"Lipid","PC-O(33:1)",732.5904,1
"Lipid","TG(42:4)",732.6141,1
"Lipid","CE_oxid(22:5)",732.6283,1
"Lipid","PA(39:7)",733.4799,1
"Lipid","PA(38:0)",733.5747,1
"Lipid","DG-H20(46:7)",733.6128,1
"Lipid","SM(36:0)",733.6219,1
"Lipid","PC-P(34:6)",734.5118,1
"Lipid","PC(32:0) or PE(35:0)",734.5699,1
"Lipid","PC-O(33:0) or PC-O(33:0)",734.6063,1
"Lipid","TG(42:3)",734.6297,1
"Lipid","PA(39:6)",735.4958,1
"Lipid","SM(37:6)",735.543,1
"Lipid","DG-H20(46:6)",735.6285,1
"Lipid","PE(36:6)",736.4911,1
"Lipid","PC-O(34:6) or PC-P(34:5)",736.5275,1
"Lipid","TG(42:2)",736.6454,1
"Lipid","PA(39:5)",737.5115,1
"Lipid","SM(37:5)",737.5587,1
"Lipid","PE(36:5)",738.5068,1
"Lipid","PC-O(34:5)",738.5432,1
"Lipid","TG(42:1)",738.6608,1
"Lipid","SM(37:4)",739.5749,1
"Lipid","PE(36:4)",740.5229,1
"Lipid","PC-P(34:3)",740.5591,1
"Lipid","TG(42:0)",740.6767,1
"Lipid","DG(43:0)",740.7131,1
"Lipid","PA(39:3)",741.5433,1
"Lipid","SM(37:3)",741.5905,1
"Lipid","PC(33:3) or PE(36:3)",742.5386,1
"Lipid","PC-O(34:3)",742.5748,1
"Lipid","DG(44:6)",742.6348,1
"Lipid","PA(40:9)",743.4645,1
"Lipid","PA(39:2)",743.559,1
"Lipid","PC(33:2) or PE(36:2)",744.5543,1
"Lipid","PC-P(34:1)",744.5904,1
"Lipid","DG(44:5)",744.6505,1
"Lipid","PA(40:8)",745.4802,1
"Lipid","SM(38:8)",745.5279,1
"Lipid","PA(39:1)",745.5746,1
"Lipid","SM(37:1)",745.6216,1
"Lipid","DG-H20(46:1)",745.7073,1
"Lipid","PC(33:1)",746.5697,1
"Lipid","PC-O(34:1)",746.6061,1
"Lipid","DG(44:4)",746.6661,1
"Lipid","PA(40:7)",747.4958,1
"Lipid","SM(38:7)",747.5428,1
"Lipid","SM(38:7)",747.5436,1
"Lipid","PA(39:0)",747.5903,1
"Lipid","SM(37:0)",747.6375,1
"Lipid","PC(33:0) or PE(36:0)",748.5856,1
"Lipid","PC-O(34:0)",748.622,1
"Lipid","TG(43:3)",748.6453,1
"Lipid","PA(40:6)",749.5115,1
"Lipid","SM(38:6)",749.5587,1
"Lipid","PE(37:6)",750.5067,1
"Lipid","PC-P(35:5)",750.5436,1
"Lipid","TG(43:2)",750.661,1
"Lipid","PA(40:5)",751.5272,1
"Lipid","SM(38:5)",751.5744,1
"Lipid","PE(37:5)",752.5224,1
"Lipid","PC-O(35:5) or PC-P(35:4)",752.5593,1
"Lipid","TG(43:1)",752.6764,1
"Lipid","CE(24:1)",752.7278,1
"Lipid","SM(38:4)",753.5906,1
"Lipid","PE(37:4)",754.5386,1
"Lipid","PC-P(35:3)",754.5747,1
"Lipid","TG(43:0)",754.6923,1
"Lipid","PA(40:3)",755.559,1
"Lipid","SM(38:3)",755.6062,1
"Lipid","PC(34:3)",756.5541,1
"Lipid","PC-O(35:3)",756.5904,1
"Lipid","TG(44:6)",756.6135,1
"Lipid","PA(40:2)",757.5744,1
"Lipid","PC(34:2)",758.57,1
"Lipid","PC-P(35:1)",758.6062,1
"Lipid","TG(44:5)",758.6292,1
"Lipid","PA(40:1)",759.5903,1
"Lipid","SM(38:1)",759.6372,1
"Lipid","PE(38:8)",760.4916,1
"Lipid","PE(37:1)",760.5853,1
"Lipid","PC-O(35:1) or PC-P(35:0)",760.6219,1
"Lipid","TG(44:4)",760.6454,1
"Lipid","SM(39:7)",761.5584,1
"Lipid","PA(40:0)",761.606,1
"Lipid","SM(38:0)",761.6532,1
"Lipid","PE(38:7)",762.5065,1
"Lipid","PE(38:7)",762.5073,1
"Lipid","PC-P(36:6)",762.5431,1
"Lipid","PE(37:0)",762.6012,1
"Lipid","PC-O(35:0)",762.6376,1
"Lipid","TG(44:3)",762.6608,1
"Lipid","phosphocholine**IS",762.6735,1
"Lipid","SM(39:6)",763.5743,1
"Lipid","PE(38:6)",764.5224,1
"Lipid","PC-O(36:6) or PC-P(36:5)",764.5588,1
"Lipid","TG(44:2)",764.6767,1
"Lipid","PA(41:5)",765.5433,1
"Lipid","SM(39:5)",765.59,1
"Lipid","PE(38:5)",766.5381,1
"Lipid","PC-O(36:5)",766.5745,1
"Lipid","TG(44:1)",766.692,1
"Lipid","DG(45:1)",766.7287,1
"Lipid","PA(42:11)",767.4645,1
"Lipid","PA(41:4)",767.559,1
"Lipid","PC(35:4) or PE(38:4)",768.5543,1
"Lipid","PC-O(36:4) or PC-P(36:3)",768.5906,1
"Lipid","DG(46:7)",768.6499,1
"Lipid","TG(44:0)",768.708,1
"Lipid","PA(42:10)",769.4802,1
"Lipid","PA(41:3)",769.5746,1
"Lipid","SM(39:3)",769.6218,1
"Lipid","PC(35:3)",770.5697,1
"Lipid","PC-O(36:3) or PC-P(36:2)",770.6063,1
"Lipid","DG(46:6)",770.6656,1
"Lipid","PA(42:9)",771.4958,1
"Lipid","SM(40:9)",771.543,1
"Lipid","PA(41:2)",771.59,1
"Lipid","SM(39:2)",771.6375,1
"Lipid","PC(35:2)",772.5856,1
"Lipid","PC-P(36:1)",772.6219,1
"Lipid","TG(45:5)",772.6453,1
"Lipid","PA(42:8)",773.5115,1
"Lipid","SM(40:8)",773.5587,1
"Lipid","PA(41:1)",773.6059,1
"Lipid","SM(39:1)",773.6531,1
"Lipid","PE(38:1)",774.6009,1
"Lipid","PC-O(36:1) or PC-P(36:0)",774.6376,1
"Lipid","TG(45:4)",774.661,1
"Lipid","SM(40:7)",775.5743,1
"Lipid","SM(39:0)",775.6688,1
"Lipid","PE(39:7)",776.5221,1
"Lipid","PC-P(37:6)",776.5587,1
"Lipid","PC(35:0) or PE(38:0)",776.6169,1
"Lipid","PC-O(36:0)",776.6533,1
"Lipid","TG(45:3)",776.6764,1
"Lipid","phosphoethanolamine**IS",776.6892,1
"Lipid","SM(40:6)",777.59,1
"Lipid","PE(39:6)",778.538,1
"Lipid","PC-O(37:6) or PC-P(37:5)",778.5744,1
"Lipid","TG(45:2)",778.6923,1
"Lipid","PA(42:5)",779.559,1
"Lipid","SM(40:5)",779.6057,1
"Lipid","PE(39:5)",780.5537,1
"Lipid","PC-O(37:5)",780.5901,1
"Lipid","TG(45:1)",780.7077,1
"Lipid","DG(46:1)",780.7444,1
"Lipid","PA(42:4)",781.5746,1
"Lipid","PC(36:4)",782.5699,1
"Lipid","PC-P(37:3)",782.6062,1
"Lipid","TG(45:0)",782.7236,1
"Lipid","PA(42:3)",783.5903,1
"Lipid","SM(40:3)",783.6375,1
"Lipid","PE(39:3)",784.5855,1
"Lipid","PC-O(37:3)",784.6219,1
"Lipid","TG(46:6)",784.6448,1
"Lipid","PA(42:2)",785.6059,1
"Lipid","SM(40:2)",785.6529,1
"Lipid","PE(40:9)",786.5067,1
"Lipid","PC-P(38:8)",786.5436,1
"Lipid","PE(39:2)",786.6012,1
"Lipid","PC-P(37:1)",786.6373,1
"Lipid","TG(46:5)",786.6605,1
"Lipid","PA(42:1)",787.6216,1
"Lipid","SM(40:1)",787.6688,1
"Lipid","PE(40:8)",788.5224,1
"Lipid","PC-P(38:7)",788.5585,1
"Lipid","PC-O(38:8) or PC-P(38:7)",788.5593,1
"Lipid","PE(39:1)",788.6168,1
"Lipid","PC-O(37:1)",788.653,1
"Lipid","TG(46:4)",788.6764,1
"Lipid","SM(40:0)",789.6845,1
"Lipid","PE(40:7)",790.538,1
"Lipid","PC-O(38:7)",790.5742,1
"Lipid","PE(39:0)",790.6325,1
"Lipid","PC-O(37:0)",790.6689,1
"Lipid","TG(46:3)",790.6923,1
"Lipid","PA(43:6)",791.5584,1
"Lipid","PC(37:6) or PE(40:6)",792.5537,1
"Lipid","PC-O(38:6) or PC-P(38:5)",792.5901,1
"Lipid","TG(46:2)",792.7077,1
"Lipid","PA(43:5)",793.5741,1
"Lipid","SM(41:5)",793.6218,1
"Lipid","PC(37:5) or PE(40:5)",794.5694,1
"Lipid","PC-O(38:5)",794.6058,1
"Lipid","TG(46:1)",794.7233,1
"Lipid","PA(44:11)",795.4953,1
"Lipid","SM(42:11)",795.543,1
"Lipid","SM(41:4)",795.6375,1
"Lipid","PC(37:4)",796.5856,1
"Lipid","PC-P(38:3)",796.6219,1
"Lipid","TG(46:0)",796.7393,1
"Lipid","SM(42:10)",797.5587,1
"Lipid","SM(41:3)",797.6531,1
"Lipid","PC(37:3) or PE(40:3)",798.6012,1
"Lipid","PC-O(38:3)",798.6376,1
"Lipid","TG(47:6)",798.6604,1
"Lipid","SM(42:9)",799.5743,1
"Lipid","SM(41:2)",799.6685,1
"Lipid","PE(40:2)",800.6166,1
"Lipid","PC-P(38:1)",800.6529,1
"Lipid","TG(47:5)",800.6761,1
"Lipid","SM(42:8)",801.59,1
"Lipid","SM(41:1)",801.6844,1
"Lipid","PC(38:8)",802.5386,1
"Lipid","PC-P(39:7)",802.5741,1
"Lipid","PC(37:1)",802.6323,1
"Lipid","PC-O(38:1)",802.6686,1
"Lipid","TG(47:4)",802.6923,1
"Lipid","PA(43:0)",803.6529,1
"Lipid","PC(38:7)",804.5535,1
"Lipid","PC(38:7)",804.5543,1
"Lipid","PC-O(39:7)",804.5898,1
"Lipid","PC(37:0) or PE(40:0)",804.6482,1
"Lipid","PC-O(38:0)",804.6846,1
"Lipid","TG(47:3)",804.7079,1
"Lipid","PA(44:6)",805.5746,1
"Lipid","PC(38:6)",806.5694,1
"Lipid","PC-O(39:6) or PC-P(39:5)",806.6057,1
"Lipid","TG(47:2)",806.7236,1
"Lipid","PA(44:5)",807.5903,1
"Lipid","SM(42:5)",807.6375,1
"Lipid","PC(38:5)",808.5851,1
"Lipid","PC-O(39:5)",808.6214,1
"Lipid","TG(48:8)",808.6453,1
"Lipid","TG(47:1)",808.739,1
"Lipid","PA(44:4)",809.6059,1
"Lipid","SM(42:4)",809.6531,1
"Lipid","PE(42:11)",810.5067,1
"Lipid","PE(41:4)",810.6012,1
"Lipid","PC-P(39:3)",810.6375,1
"Lipid","TG(48:7)",810.6602,1
"Lipid","TG(48:7)",810.661,1
"Lipid","TG(47:0)",810.7549,1
"Lipid","SM(42:3)",811.6688,1
"Lipid","PE(42:10)",812.5224,1
"Lipid","PC-P(40:9)",812.5587,1
"Lipid","PE(41:3)",812.6168,1
"Lipid","PC-O(39:3) or PC-P(39:2)",812.6532,1
"Lipid","TG(48:6)",812.6761,1
"Lipid","SM(42:2)",813.6844,1
"Lipid","PE(42:9)",814.538,1
"Lipid","PC-O(40:9) or PC-P(40:8)",814.5744,1
"Lipid","PE(41:2)",814.6322,1
"Lipid","PC-P(39:1)",814.6688,1
"Lipid","TG(48:5)",814.6918,1
"Lipid","SM(42:1)",815.7001,1
"Lipid","PE(42:8)",816.5537,1
"Lipid","PC-P(40:7)",816.59,1
"Lipid","PC(38:1)",816.6479,1
"Lipid","PC-O(39:1) or PC-P(39:0)",816.6845,1
"Lipid","TG(48:4)",816.7079,1
"Lipid","PC(39:7)",818.5691,1
"Lipid","PC-O(40:7) or PC-P(40:6)",818.6057,1
"Lipid","PC(38:0)",818.6639,1
"Lipid","PC-O(39:0)",818.7002,1
"Lipid","TG(48:3)",818.7236,1
"Lipid","SM(43:6)",819.6369,1
"Lipid","PC(39:6)",820.585,1
"Lipid","PC-O(40:6) or PC-P(40:5)",820.6214,1
"Lipid","TG(48:2)",820.739,1
"Lipid","SM(43:5)",821.6526,1
"Lipid","PC(39:5)",822.6007,1
"Lipid","PC-O(40:5)",822.6371,1
"Lipid","TG(48:1)",822.7546,1
"Lipid","SM(44:11)",823.5738,1
"Lipid","PE(42:4)",824.6168,1
"Lipid","PC-P(40:3)",824.6532,1
"Lipid","TG(49:7)",824.6758,1
"Lipid","TG_oxid(47:1)",824.7334,1
"Lipid","TG(48:0)",824.7706,1
"Lipid","PC(39:3) or PE(42:3)",826.6325,1
"Lipid","PC-P(40:2)",826.6686,1
"Lipid","TG(49:6)",826.6917,1
"Lipid","TG_oxid(47:0)",826.7493,1
"Lipid","PC(40:9)",828.5537,1
"Lipid","PE(42:2)",828.6481,1
"Lipid","PC-O(40:2)",828.6843,1
"Lipid","TG(49:5)",828.7074,1
"Lipid","PA(45:1)",829.6685,1
"Lipid","PC(40:8)",830.5694,1
"Lipid","PC(39:1) or PE(42:1)",830.6638,1
"Lipid","PC-O(40:1) or PC-P(40:0)",830.7002,1
"Lipid","TG(49:4)",830.7233,1
"Lipid","PA(46:7)",831.5897,1
"Lipid","SM(43:0)",831.7314,1
"Lipid","PC(40:7)",832.585,1
"Lipid","PC(39:0)",832.6795,1
"Lipid","TG_oxid(48:4)",832.7021,1
"Lipid","PC-O(40:0)",832.7159,1
"Lipid","TG(49:3)",832.739,1
"Lipid","PA(46:6)",833.6054,1
"Lipid","SM(44:6)",833.6531,1
"Lipid","PE(43:6)",834.6006,1
"Lipid","PC-P(41:5)",834.6375,1
"Lipid","TG(50:9)",834.6604,1
"Lipid","TG_oxid(48:3)",834.718,1
"Lipid","TG(49:2)",834.7546,1
"Lipid","SM(44:5)",835.6688,1
"Lipid","PC-P(42:11)",836.5587,1
"Lipid","PE(43:5)",836.6163,1
"Lipid","PC-O(41:5) or PC-P(41:4)",836.6532,1
"Lipid","TG(50:8)",836.6761,1
"Lipid","TG_oxid(48:2)",836.7337,1
"Lipid","TG(49:1)",836.7702,1
"Lipid","SM(44:4)",837.6844,1
"Lipid","PE(44:11)",838.5375,1
"Lipid","PC-O(42:11) or PC-P(42:10)",838.5744,1
"Lipid","PC-P(41:3)",838.6688,1
"Lipid","TG(50:7)",838.6917,1
"Lipid","TG_oxid(48:1)",838.7491,1
"Lipid","TG(49:0)",838.7862,1
"Lipid","PC-P(42:9)",840.59,1
"Lipid","PC(40:3)",840.6482,1
"Lipid","PC-P(41:2)",840.6842,1
"Lipid","TG(50:6)",840.7074,1
"Lipid","TG_oxid(48:0)",840.7649,1
"Lipid","PC-O(42:9) or PC-P(42:8)",842.6057,1
"Lipid","PC(40:2)",842.6636,1
"Lipid","PC-O(41:2)",842.6999,1
"Lipid","TG(50:5)",842.7231,1
"Lipid","PA(46:1)",843.6842,1
"Lipid","PC-O(42:8)",844.6214,1
"Lipid","PC(40:1)",844.6795,1
"Lipid","PC-O(41:1)",844.7158,1
"Lipid","TG(50:4)",844.739,1
"Lipid","PE(43:0)",846.6951,1
"Lipid","TG_oxid(49:4)",846.7177,1
"Lipid","TG(50:3)",846.7546,1
"Lipid","PE(44:6)",848.6168,1
"Lipid","PC-P(42:5)",848.6532,1
"Lipid","TG_oxid(49:3)",848.7336,1
"Lipid","TG(50:2)",848.77,1
"Lipid","PC(41:5) or PE(44:5)",850.6325,1
"Lipid","PC-P(42:4)",850.6688,1
"Lipid","TG_oxid(49:2)",850.7493,1
"Lipid","TG(50:1)",850.7859,1
"Lipid","PC(42:11)",852.5537,1
"Lipid","PE(44:4)",852.6481,1
"Lipid","PC-O(42:4) or PC-P(42:3)",852.6845,1
"Lipid","TG(51:7)",852.7071,1
"Lipid","TG_oxid(49:1)",852.7649,1
"Lipid","TG(50:0)",852.8018,1
"Lipid","PC(42:10)",854.5694,1
"Lipid","PC(41:3)",854.6638,1
"Lipid","PC-P(42:2)",854.7001,1
"Lipid","TG(51:6)",854.723,1
"Lipid","TG_oxid(49:0)",854.7806,1
"Lipid","PC(42:9)",856.585,1
"Lipid","PC(41:2)",856.6792,1
"Lipid","PC-O(42:2) or PC-P(42:1)",856.7158,1
"Lipid","TG(51:5)",856.7387,1
"Lipid","SM(45:1)",857.747,1
"Lipid","PC(42:8)",858.6007,1
"Lipid","TG(52:11)",858.6604,1
"Lipid","PC(41:1)",858.6951,1
"Lipid","TG_oxid(50:5)",858.718,1
"Lipid","PC-O(42:1)",858.7315,1
"Lipid","TG(51:4)",858.7544,1
"Lipid","SM(46:7)",859.6682,1
"Lipid","PC-P(43:6)",860.6526,1
"Lipid","TG(52:10)",860.6761,1
"Lipid","TG_oxid(50:4)",860.7336,1
"Lipid","TG(51:3)",860.7703,1
"Lipid","SM(46:6)",861.6839,1
"Lipid","PC-O(43:6) or PC-P(43:5)",862.6683,1
"Lipid","TG(52:9)",862.6917,1
"Lipid","TG_oxid(50:3)",862.7493,1
"Lipid","TG(51:2)",862.7857,1
"Lipid","PC-P(44:11)",864.5895,1
"Lipid","PC(42:5)",864.6482,1
"Lipid","PC-O(43:5)",864.684,1
"Lipid","TG(52:8)",864.7074,1
"Lipid","TG_oxid(50:2)",864.765,1
"Lipid","TG(51:1)",864.8016,1
"Lipid","PC-O(44:11)",866.6052,1
"Lipid","PC(42:4)",866.6638,1
"Lipid","TG(52:7)",866.723,1
"Lipid","TG_oxid(50:1)",866.7805,1
"Lipid","TG(51:0)",866.8175,1
"Lipid","PC(42:3)",868.6795,1
"Lipid","TG(52:6)",868.7387,1
"Lipid","TG_oxid(50:0)",868.7962,1
"Lipid","PC(42:2)",870.6951,1
"Lipid","TG_oxid(51:6)",870.7174,1
"Lipid","TG(52:5)",870.7544,1
"Lipid","SM(46:1)",871.7627,1
"Lipid","PE(45:1)",872.7107,1
"Lipid","TG_oxid(51:5)",872.7336,1
"Lipid","PC-P(43:0)",872.7471,1
"Lipid","TG(52:4)",872.7702,1
"Lipid","PE(46:7)",874.6319,1
"Lipid","PC-P(44:6)",874.6688,1
"Lipid","TG_oxid(51:4)",874.7493,1
"Lipid","PC-O(43:0)",874.7628,1
"Lipid","TG(52:3)",874.7859,1
"Lipid","PC(43:6) or PE(46:6)",876.6476,1
"Lipid","PC-O(44:6) or PC-P(44:5)",876.6845,1
"Lipid","TG_oxid(51:3)",876.7649,1
"Lipid","TG(52:2)",876.8016,1
"Lipid","PC(43:5)",878.6633,1
"Lipid","PC-P(44:4)",878.7001,1
"Lipid","TG(53:8)",878.7235,1
"Lipid","TG_oxid(51:2)",878.7806,1
"Lipid","TG(52:1)",878.8172,1
"Lipid","PC(44:11)",880.5845,1
"Lipid","PC-O(44:4)",880.7158,1
"Lipid","TG(53:7)",880.7384,1
"Lipid","TG_oxid(51:1)",880.7962,1
"Lipid","TG(52:0)",880.8331,1
"Lipid","TG_oxid(52:7)",882.718,1
"Lipid","TG(53:6)",882.7541,1
"Lipid","TG_oxid(51:0)",882.8119,1
"Lipid","TG_oxid(52:6)",884.7336,1
"Lipid","TG(53:5)",884.77,1
"Lipid","TG(54:11)",886.6912,1
"Lipid","PE(46:1)",886.7264,1
"Lipid","TG_oxid(52:5)",886.7493,1
"Lipid","TG(53:4)",886.7859,1
"Lipid","TG(54:10)",888.7074,1
"Lipid","PC(43:0)",888.7421,1
"Lipid","TG_oxid(52:4)",888.765,1
"Lipid","TG(53:3)",888.8016,1
"Lipid","PC(44:6)",890.6638,1
"Lipid","TG(54:9)",890.723,1
"Lipid","TG_oxid(52:3)",890.7806,1
"Lipid","TG(53:2)",890.8172,1
"Lipid","PC(44:5)",892.6795,1
"Lipid","TG(54:8)",892.7387,1
"Lipid","TG_oxid(52:2)",892.7963,1
"Lipid","TG(53:1)",892.8329,1
"Lipid","PC(44:4)",894.6951,1
"Lipid","TG(54:7)",894.7541,1
"Lipid","TG_oxid(52:1)",894.8117,1
"Lipid","TG(53:0)",894.8487,1
"Lipid","TG_oxid(53:7)",896.7336,1
"Lipid","TG(54:6)",896.7698,1
"Lipid","TG_oxid(52:0)",896.8275,1
"Lipid","TG_oxid(53:6)",898.7492,1
"Lipid","PC-P(45:1)",898.7627,1
"Lipid","TG(54:5)",898.7856,1
"Lipid","PC-P(46:7)",900.6839,1
"Lipid","TG_oxid(53:5)",900.7649,1
"Lipid","PC-O(45:1)",900.7784,1
"Lipid","TG(54:4)",900.8015,1
"Lipid","PC-O(46:7) or PC-P(46:6)",902.6996,1
"Lipid","TG_oxid(53:4)",902.7806,1
"Lipid","TG(54:3)",902.8175,1
"Lipid","PC-O(46:6)",904.7153,1
"Lipid","TG(55:9)",904.7386,1
"Lipid","TG_oxid(53:3)",904.7962,1
"Lipid","TG(54:2)",904.8326,1
"Lipid","TG_oxid(54:9)",906.7177,1
"Lipid","TG(55:8)",906.7543,1
"Lipid","TG_oxid(53:2)",906.8119,1
"Lipid","TG(54:1)",906.8485,1
"Lipid","TG_oxid(54:8)",908.7334,1
"Lipid","TG(55:7)",908.7697,1
"Lipid","TG_oxid(53:1)",908.8275,1
"Lipid","TG(54:0)",908.8644,1
"Lipid","TG_oxid(54:7)",910.7493,1
"Lipid","TG(55:6)",910.7854,1
"Lipid","TG_oxid(53:0)",910.8432,1
"Lipid","TG_oxid(54:6)",912.765,1
"Lipid","PC-P(46:1)",912.7784,1
"Lipid","TG(55:5)",912.8013,1
"Lipid","TG(56:11)",914.7225,1
"Lipid","PC(45:1)",914.7577,1
"Lipid","TG_oxid(54:5)",914.7806,1
"Lipid","PC-O(46:1)",914.7941,1
"Lipid","TG(55:4)",914.8172,1
"Lipid","PC(46:7)",916.6789,1
"Lipid","TG(56:10)",916.7384,1
"Lipid","TG_oxid(54:4)",916.7963,1
"Lipid","TG(55:3)",916.8331,1
"Lipid","PC(46:6)",918.6946,1
"Lipid","TG(56:9)",918.7541,1
"Lipid","TG_oxid(54:3)",918.8119,1
"Lipid","TG(55:2)",918.8483,1
"Lipid","TG_oxid(55:9)",920.7336,1
"Lipid","TG(56:8)",920.7697,1
"Lipid","TG_oxid(54:2)",920.8276,1
"Lipid","TG(55:1)",920.8641,1
"Lipid","TG_oxid(55:8)",922.7487,1
"Lipid","TG(56:7)",922.7853,1
"Lipid","TG_oxid(54:1)",922.8432,1
"Lipid","TG(55:0)",922.8801,1
"Lipid","TG_oxid(55:7)",924.7649,1
"Lipid","TG(56:6)",924.801,1
"Lipid","TG_oxid(54:0)",924.8588,1
"Lipid","TG_oxid(55:6)",926.7805,1
"Lipid","TG(56:5)",926.817,1
"Lipid","TG(57:11)",928.7386,1
"Lipid","PC(46:1)",928.7734,1
"Lipid","TG_oxid(55:5)",928.7962,1
"Lipid","TG(56:4)",928.8329,1
"Lipid","TG(57:10)",930.754,1
"Lipid","TG_oxid(55:4)",930.8119,1
"Lipid","TG(56:3)",930.8485,1
"Lipid","TG_oxid(56:10)",932.7334,1
"Lipid","TG(57:9)",932.7697,1
"Lipid","TG_oxid(55:3)",932.8275,1
"Lipid","TG(56:2)",932.8641,1
"Lipid","TG_oxid(56:9)",934.7493,1
"Lipid","TG(57:8)",934.7853,1
"Lipid","TG_oxid(55:2)",934.8432,1
"Lipid","TG(56:1)",934.8799,1
"Lipid","TG_oxid(56:8)",936.7649,1
"Lipid","TG(57:7)",936.801,1
"Lipid","TG_oxid(55:1)",936.8588,1
"Lipid","TG(56:0)",936.8958,1
"Lipid","TG_oxid(56:7)",938.7806,1
"Lipid","TG(57:6)",938.8167,1
"Lipid","TG_oxid(55:0)",938.8745,1
"Lipid","TG(58:12)",940.7384,1
"Lipid","TG_oxid(56:6)",940.7963,1
"Lipid","TG(57:5)",940.8326,1
"Lipid","TG(58:11)",942.7538,1
"Lipid","TG_oxid(56:5)",942.8119,1
"Lipid","TG(57:4)",942.8485,1
"Lipid","TG(58:10)",944.7697,1
"Lipid","TG_oxid(56:4)",944.8276,1
"Lipid","TG(57:3)",944.8644,1
"Lipid","TG_oxid(57:10)",946.7487,1
"Lipid","TG(58:9)",946.7854,1
"Lipid","TG_oxid(56:3)",946.8432,1
"Lipid","TG(57:2)",946.8798,1
"Lipid","TG_oxid(57:9)",948.7644,1
"Lipid","TG(58:8)",948.8013,1
"Lipid","TG_oxid(56:2)",948.8589,1
"Lipid","TG(57:1)",948.8955,1
"Lipid","TG_oxid(57:8)",950.78,1
"Lipid","TG(58:7)",950.8169,1
"Lipid","TG_oxid(56:1)",950.8745,1
"Lipid","TG(57:0)",950.9114,1
"Lipid","TG_oxid(57:7)",952.7956,1
"Lipid","TG(58:6)",952.8326,1
"Lipid","TG_oxid(56:0)",952.8901,1
"Lipid","TG(59:12)",954.754,1
"Lipid","TG_oxid(57:6)",954.8113,1
"Lipid","TG(58:5)",954.8482,1
"Lipid","TG(59:11)",956.7694,1
"Lipid","TG_oxid(57:5)",956.8275,1
"Lipid","TG(58:4)",956.8641,1
"Lipid","TG_oxid(58:11)",958.7487,1
"Lipid","TG(59:10)",958.7853,1
"Lipid","TG_oxid(57:4)",958.8432,1
"Lipid","TG(58:3)",958.8798,1
"Lipid","TG_oxid(58:10)",960.7649,1
"Lipid","TG(59:9)",960.801,1
"Lipid","TG_oxid(57:3)",960.8588,1
"Lipid","TG(58:2)",960.8954,1
"Lipid","TG_oxid(58:9)",962.7806,1
"Lipid","TG(59:8)",962.8169,1
"Lipid","TG_oxid(57:2)",962.8745,1
"Lipid","TG(58:1)",962.9114,1
"Lipid","TG(60:14)",964.7386,1
"Lipid","TG_oxid(58:8)",964.7957,1
"Lipid","TG(59:7)",964.8323,1
"Lipid","TG(59:7)",964.8331,1
"Lipid","TG_oxid(57:1)",964.8901,1
"Lipid","TG(58:0)",964.927,1
"Lipid","TG(60:13)",966.7543,1
"Lipid","TG_oxid(58:7)",966.8114,1
"Lipid","TG(59:6)",966.8482,1
"Lipid","TG_oxid(57:0)",966.9058,1
"Lipid","TG(60:12)",968.7692,1
"Lipid","TG_oxid(58:6)",968.8275,1
"Lipid","TG(59:5)",968.8639,1
"Lipid","TG(60:11)",970.7851,1
"Lipid","TG_oxid(58:5)",970.8432,1
"Lipid","TG(59:4)",970.8798,1
"Lipid","TG_oxid(59:11)",972.7638,1
"Lipid","TG(60:10)",972.8012,1
"Lipid","TG_oxid(58:4)",972.8589,1
"Lipid","TG(59:3)",972.8954,1
"Lipid","TG_oxid(59:10)",974.78,1
"Lipid","TG(60:9)",974.8169,1
"Lipid","TG_oxid(58:3)",974.8745,1
"Lipid","TG(59:2)",974.9113,1
"Lipid","TG(60:8)",976.8326,1
"Lipid","TG_oxid(58:2)",976.8902,1
"Lipid","TG(59:1)",976.927,1
"Lipid","TG(60:7)",978.848,1
"Lipid","TG_oxid(58:1)",978.9058,1
"Lipid","TG(59:0)",978.9427,1
"Lipid","TG_oxid(59:7)",980.8275,1
"Lipid","TG(60:6)",980.8636,1
"Lipid","TG_oxid(60:13)",982.7487,1
"Lipid","TG(61:12)",982.7848,1
"Lipid","TG_oxid(59:6)",982.8431,1
"Lipid","TG(60:5)",982.8798,1
"Lipid","TG_oxid(60:12)",984.7644,1
"Lipid","TG(61:11)",984.8007,1
"Lipid","TG_oxid(59:5)",984.8588,1
"Lipid","TG(60:4)",984.8957,1
"Lipid","TG_oxid(60:11)",986.78,1
"Lipid","TG_oxid(59:4)",986.8745,1
"Lipid","TG(60:3)",986.9114,1
"Lipid","TG_oxid(60:10)",988.7957,1
"Lipid","TG(61:9)",988.8325,1
"Lipid","TG(60:2)",988.927,1
"Lipid","TG(62:15)",990.7543,1
"Lipid","TG_oxid(60:9)",990.8114,1
"Lipid","TG(61:8)",990.8482,1
"Lipid","TG(60:1)",990.9424,1
"Lipid","TG(62:14)",992.7694,1
"Lipid","TG_oxid(60:8)",992.8275,1
"Lipid","TG(61:7)",992.8636,1
"Lipid","TG_oxid(59:1)",992.9214,1
"Lipid","TG(60:0)",992.9583,1
"Lipid","TG(62:13)",994.7851,1
"Lipid","TG_oxid(60:7)",994.8432,1
"Lipid","TG(61:6)",994.8793,1
"Lipid","TG(62:12)",996.8007,1
"Lipid","TG_oxid(60:6)",996.8589,1
"Lipid","TG(61:5)",996.8954,1
"Lipid","TG(62:11)",998.8164,1
"Lipid","TG_oxid(60:5)",998.8745,1
"Lipid","TG(61:4)",998.9113,1
"Lipid","TG_oxid(60:4)",1000.8902,1
"Lipid","TG(61:3)",1000.927,1
"Lipid","TG(62:9)",1002.8487,1
"Lipid","TG_oxid(60:3)",1002.9058,1
"Lipid","TG(61:2)",1002.9424,1
"Lipid","TG_oxid(61:9)",1004.8275,1
"Lipid","TG(62:8)",1004.8636,1
"Lipid","TG_oxid(60:2)",1004.9214,1
"Lipid","TG(61:1)",1004.9583,1
"Lipid","TG_oxid(61:8)",1006.8426,1
"Lipid","TG(62:7)",1006.8795,1
"Lipid","TG_oxid(60:1)",1006.937,1
"Lipid","TG(61:0)",1006.974,1
"Lipid","TG_oxid(62:14)",1008.7638,1
"Lipid","TG_oxid(61:7)",1008.8582,1
"Lipid","TG(62:6)",1008.8952,1
"Lipid","TG_oxid(61:6)",1010.8739,1
"Lipid","TG(62:5)",1010.9113,1
"Lipid","TG(63:11)",1012.8325,1
"Lipid","TG_oxid(61:5)",1012.8896,1
"Lipid","TG(62:4)",1012.927,1
"Lipid","TG(63:10)",1014.8482,1
"Lipid","TG(64:16)",1016.7694,1
"Lipid","TG(63:9)",1016.8638,1
"Lipid","TG(62:2)",1016.9581,1
"Lipid","TG(64:15)",1018.7851,1
"Lipid","TG_oxid(62:9)",1018.8431,1
"Lipid","TG(63:8)",1018.8792,1
"Lipid","TG_oxid(61:2)",1018.9368,1
"Lipid","TG(62:1)",1018.974,1
"Lipid","TG(64:14)",1020.8007,1
"Lipid","TG_oxid(62:8)",1020.8588,1
"Lipid","TG(63:7)",1020.8951,1
"Lipid","TG_oxid(61:1)",1020.9527,1
"Lipid","TG_oxid(62:7)",1022.8744,1
"Lipid","TG(63:6)",1022.9108,1
"Lipid","TG_oxid(62:6)",1024.8901,1
"Lipid","TG(63:5)",1024.927,1
"Lipid","TG(64:11)",1026.8482,1
"Lipid","TG_oxid(62:5)",1026.9053,1
"Lipid","TG(63:4)",1026.9426,1
"Lipid","TG(64:10)",1028.8638,1
"Lipid","TG(63:3)",1028.9583,1
"Lipid","TG_oxid(63:10)",1030.8426,1
"Lipid","TG(64:9)",1030.8795,1
"Lipid","TG(63:2)",1030.9737,1
"Lipid","TG(64:8)",1032.8951,1
"Lipid","TG(63:1)",1032.9896,1
"Lipid","TG(64:7)",1034.9108,1
"Lipid","TG_oxid(62:1)",1034.9683,1
"Lipid","TG(64:6)",1036.9265,1
"Lipid","TG(65:11)",1040.8633,1
"Lipid","TG(64:4)",1040.9583,1
"Lipid","TG_oxid(63:4)",1042.937,1
"Lipid","TG(64:3)",1042.974,1
"Lipid","TG_oxid(64:10)",1044.8583,1
"Lipid","TG(64:2)",1044.9896,1
"Lipid","TG_oxid(64:9)",1046.8739,1
"Lipid","TG(64:1)",1047.0053,1
"Lipid","TG_oxid(64:8)",1048.8895,1
"Lipid","TG_oxid(63:1)",1048.984,1
"Lipid","TG_oxid(64:7)",1050.9052,1
"Lipid","TG(65:6)",1050.9426,1
"Lipid","TG(66:12)",1052.8638,1
"Lipid","TG(65:5)",1052.9583,1
"Lipid","TG(66:11)",1054.879,1
"Lipid","TG(65:4)",1054.9739,1
"Lipid","TG(66:10)",1056.8951,1
"Lipid","TG(66:9)",1058.9108,1
"Lipid","TG(66:6)",1064.9583,1
"Lipid","TG_oxid(65:6)",1066.9365,1
"Lipid","TG(66:5)",1066.974,1
"Lipid","TG_oxid(65:5)",1068.9522,1
"Lipid","TG(66:4)",1068.9896,1
"Lipid","TG_oxid(66:11)",1070.8739,1
"Lipid","TG(67:7)",1076.9577,1
"Lipid","TG(67:6)",1078.9734,1
"Lipid","TG(68:12)",1080.8946,1
"Lipid","TG(67:1)",1089.0522,1
"Lipid","TG(68:7)",1090.9734,1
"Lipid","TG(68:6)",1092.9891,1
